<?xml version="1.0" encoding="UTF-8"?>
<office:document-content xmlns:officeooo="http://openoffice.org/2009/office" xmlns:css3t="http://www.w3.org/TR/css3-text/" xmlns:grddl="http://www.w3.org/2003/g/data-view#" xmlns:xhtml="http://www.w3.org/1999/xhtml" xmlns:formx="urn:openoffice:names:experimental:ooxml-odf-interop:xmlns:form:1.0" xmlns:xsi="http://www.w3.org/2001/XMLSchema-instance" xmlns:rpt="http://openoffice.org/2005/report" xmlns:dc="http://purl.org/dc/elements/1.1/" xmlns:chart="urn:oasis:names:tc:opendocument:xmlns:chart:1.0" xmlns:svg="urn:oasis:names:tc:opendocument:xmlns:svg-compatible:1.0" xmlns:draw="urn:oasis:names:tc:opendocument:xmlns:drawing:1.0" xmlns:text="urn:oasis:names:tc:opendocument:xmlns:text:1.0" xmlns:oooc="http://openoffice.org/2004/calc" xmlns:style="urn:oasis:names:tc:opendocument:xmlns:style:1.0" xmlns:ooow="http://openoffice.org/2004/writer" xmlns:meta="urn:oasis:names:tc:opendocument:xmlns:meta:1.0" xmlns:xlink="http://www.w3.org/1999/xlink" xmlns:fo="urn:oasis:names:tc:opendocument:xmlns:xsl-fo-compatible:1.0" xmlns:ooo="http://openoffice.org/2004/office" xmlns:office="urn:oasis:names:tc:opendocument:xmlns:office:1.0" xmlns:dr3d="urn:oasis:names:tc:opendocument:xmlns:dr3d:1.0" xmlns:table="urn:oasis:names:tc:opendocument:xmlns:table:1.0" xmlns:number="urn:oasis:names:tc:opendocument:xmlns:datastyle:1.0" xmlns:of="urn:oasis:names:tc:opendocument:xmlns:of:1.2" xmlns:calcext="urn:org:documentfoundation:names:experimental:calc:xmlns:calcext:1.0" xmlns:tableooo="http://openoffice.org/2009/table" xmlns:drawooo="http://openoffice.org/2010/draw" xmlns:loext="urn:org:documentfoundation:names:experimental:office:xmlns:loext:1.0" xmlns:dom="http://www.w3.org/2001/xml-events" xmlns:field="urn:openoffice:names:experimental:ooo-ms-interop:xmlns:field:1.0" xmlns:xsd="http://www.w3.org/2001/XMLSchema" xmlns:math="http://www.w3.org/1998/Math/MathML" xmlns:form="urn:oasis:names:tc:opendocument:xmlns:form:1.0" xmlns:script="urn:oasis:names:tc:opendocument:xmlns:script:1.0" xmlns:xforms="http://www.w3.org/2002/xforms" office:version="1.3"><office:scripts/><office:font-face-decls><style:font-face style:name="FreeSans" svg:font-family="FreeSans" style:font-family-generic="swiss"/><style:font-face style:name="FreeSans1" svg:font-family="FreeSans" style:font-family-generic="system" style:font-pitch="variable"/><style:font-face style:name="Liberation Sans" svg:font-family="&apos;Liberation Sans&apos;" style:font-family-generic="swiss" style:font-pitch="variable"/><style:font-face style:name="Liberation Serif" svg:font-family="&apos;Liberation Serif&apos;" style:font-family-generic="roman" style:font-pitch="variable"/><style:font-face style:name="Noto Sans CJK SC Regular" svg:font-family="&apos;Noto Sans CJK SC Regular&apos;" style:font-family-generic="system" style:font-pitch="variable"/><style:font-face style:name="OpenSymbol" svg:font-family="OpenSymbol" style:font-charset="x-symbol"/></office:font-face-decls><office:automatic-styles><style:style style:name="P1" style:family="paragraph" style:parent-style-name="Header"><style:text-properties officeooo:rsid="001111c2" officeooo:paragraph-rsid="001111c2"/></style:style><style:style style:name="P2" style:family="paragraph" style:parent-style-name="Text_20_body" style:list-style-name="L2"/><style:style style:name="P3" style:family="paragraph" style:parent-style-name="Text_20_body"><style:text-properties officeooo:rsid="001111c2" officeooo:paragraph-rsid="001111c2"/></style:style><style:style style:name="fr1" style:family="graphic" style:parent-style-name="Graphics"><style:graphic-properties style:mirror="none" fo:clip="rect(0cm, 0cm, 0cm, 0cm)" draw:luminance="0%" draw:contrast="0%" draw:red="0%" draw:green="0%" draw:blue="0%" draw:gamma="100%" draw:color-inversion="false" draw:image-opacity="100%" draw:color-mode="standard"/></style:style><text:list-style style:name="L1"><text:list-level-style-bullet text:level="1" text:style-name="Bullet_20_Symbols" loext:num-list-format="%1%." style:num-suffix="." text:bullet-char="•"><style:list-level-properties text:space-before="0.752cm" text:min-label-width="0.499cm"/></text:list-level-style-bullet><text:list-level-style-bullet text:level="2" text:style-name="Bullet_20_Symbols" loext:num-list-format="%2%." style:num-suffix="." text:bullet-char="•"><style:list-level-properties text:space-before="2.002cm" text:min-label-width="0.499cm"/></text:list-level-style-bullet><text:list-level-style-bullet text:level="3" text:style-name="Bullet_20_Symbols" loext:num-list-format="%3%." style:num-suffix="." text:bullet-char="•"><style:list-level-properties text:space-before="3.253cm" text:min-label-width="0.499cm"/></text:list-level-style-bullet><text:list-level-style-bullet text:level="4" text:style-name="Bullet_20_Symbols" loext:num-list-format="%4%." style:num-suffix="." text:bullet-char="•"><style:list-level-properties text:space-before="4.503cm" text:min-label-width="0.499cm"/></text:list-level-style-bullet><text:list-level-style-bullet text:level="5" text:style-name="Bullet_20_Symbols" loext:num-list-format="%5%." style:num-suffix="." text:bullet-char="•"><style:list-level-properties text:space-before="5.754cm" text:min-label-width="0.499cm"/></text:list-level-style-bullet><text:list-level-style-bullet text:level="6" text:style-name="Bullet_20_Symbols" loext:num-list-format="%6%." style:num-suffix="." text:bullet-char="•"><style:list-level-properties text:space-before="7.005cm" text:min-label-width="0.499cm"/></text:list-level-style-bullet><text:list-level-style-bullet text:level="7" text:style-name="Bullet_20_Symbols" loext:num-list-format="%7%." style:num-suffix="." text:bullet-char="•"><style:list-level-properties text:space-before="8.255cm" text:min-label-width="0.499cm"/></text:list-level-style-bullet><text:list-level-style-bullet text:level="8" text:style-name="Bullet_20_Symbols" loext:num-list-format="%8%." style:num-suffix="." text:bullet-char="•"><style:list-level-properties text:space-before="9.506cm" text:min-label-width="0.499cm"/></text:list-level-style-bullet><text:list-level-style-bullet text:level="9" text:style-name="Bullet_20_Symbols" loext:num-list-format="%9%." style:num-suffix="." text:bullet-char="•"><style:list-level-properties text:space-before="10.756cm" text:min-label-width="0.499cm"/></text:list-level-style-bullet><text:list-level-style-bullet text:level="10" text:style-name="Bullet_20_Symbols" loext:num-list-format="%10%." style:num-suffix="." text:bullet-char="•"><style:list-level-properties text:space-before="12.007cm" text:min-label-width="0.499cm"/></text:list-level-style-bullet></text:list-style><text:list-style style:name="L2"><text:list-level-style-bullet text:level="1" text:style-name="Bullet_20_Symbols" loext:num-list-format="%1%." text:bullet-char="•"><style:list-level-properties text:list-level-position-and-space-mode="label-alignment"><style:list-level-label-alignment text:label-followed-by="listtab" text:list-tab-stop-position="1.27cm" fo:text-indent="-0.635cm" fo:margin-left="1.27cm"/></style:list-level-properties></text:list-level-style-bullet><text:list-level-style-bullet text:level="2" text:style-name="Bullet_20_Symbols" loext:num-list-format="%2%." text:bullet-char="◦"><style:list-level-properties text:list-level-position-and-space-mode="label-alignment"><style:list-level-label-alignment text:label-followed-by="listtab" text:list-tab-stop-position="1.905cm" fo:text-indent="-0.635cm" fo:margin-left="1.905cm"/></style:list-level-properties></text:list-level-style-bullet><text:list-level-style-bullet text:level="3" text:style-name="Bullet_20_Symbols" loext:num-list-format="%3%." text:bullet-char="▪"><style:list-level-properties text:list-level-position-and-space-mode="label-alignment"><style:list-level-label-alignment text:label-followed-by="listtab" text:list-tab-stop-position="2.54cm" fo:text-indent="-0.635cm" fo:margin-left="2.54cm"/></style:list-level-properties></text:list-level-style-bullet><text:list-level-style-bullet text:level="4" text:style-name="Bullet_20_Symbols" loext:num-list-format="%4%." text:bullet-char="•"><style:list-level-properties text:list-level-position-and-space-mode="label-alignment"><style:list-level-label-alignment text:label-followed-by="listtab" text:list-tab-stop-position="3.175cm" fo:text-indent="-0.635cm" fo:margin-left="3.175cm"/></style:list-level-properties></text:list-level-style-bullet><text:list-level-style-bullet text:level="5" text:style-name="Bullet_20_Symbols" loext:num-list-format="%5%." text:bullet-char="◦"><style:list-level-properties text:list-level-position-and-space-mode="label-alignment"><style:list-level-label-alignment text:label-followed-by="listtab" text:list-tab-stop-position="3.81cm" fo:text-indent="-0.635cm" fo:margin-left="3.81cm"/></style:list-level-properties></text:list-level-style-bullet><text:list-level-style-bullet text:level="6" text:style-name="Bullet_20_Symbols" loext:num-list-format="%6%." text:bullet-char="▪"><style:list-level-properties text:list-level-position-and-space-mode="label-alignment"><style:list-level-label-alignment text:label-followed-by="listtab" text:list-tab-stop-position="4.445cm" fo:text-indent="-0.635cm" fo:margin-left="4.445cm"/></style:list-level-properties></text:list-level-style-bullet><text:list-level-style-bullet text:level="7" text:style-name="Bullet_20_Symbols" loext:num-list-format="%7%." text:bullet-char="•"><style:list-level-properties text:list-level-position-and-space-mode="label-alignment"><style:list-level-label-alignment text:label-followed-by="listtab" text:list-tab-stop-position="5.08cm" fo:text-indent="-0.635cm" fo:margin-left="5.08cm"/></style:list-level-properties></text:list-level-style-bullet><text:list-level-style-bullet text:level="8" text:style-name="Bullet_20_Symbols" loext:num-list-format="%8%." text:bullet-char="◦"><style:list-level-properties text:list-level-position-and-space-mode="label-alignment"><style:list-level-label-alignment text:label-followed-by="listtab" text:list-tab-stop-position="5.715cm" fo:text-indent="-0.635cm" fo:margin-left="5.715cm"/></style:list-level-properties></text:list-level-style-bullet><text:list-level-style-bullet text:level="9" text:style-name="Bullet_20_Symbols" loext:num-list-format="%9%." text:bullet-char="▪"><style:list-level-properties text:list-level-position-and-space-mode="label-alignment"><style:list-level-label-alignment text:label-followed-by="listtab" text:list-tab-stop-position="6.35cm" fo:text-indent="-0.635cm" fo:margin-left="6.35cm"/></style:list-level-properties></text:list-level-style-bullet><text:list-level-style-bullet text:level="10" text:style-name="Bullet_20_Symbols" loext:num-list-format="%10%." text:bullet-char="•"><style:list-level-properties text:list-level-position-and-space-mode="label-alignment"><style:list-level-label-alignment text:label-followed-by="listtab" text:list-tab-stop-position="6.985cm" fo:text-indent="-0.635cm" fo:margin-left="6.985cm"/></style:list-level-properties></text:list-level-style-bullet></text:list-style></office:automatic-styles><office:body><office:text text:use-soft-page-breaks="true"><text:sequence-decls><text:sequence-decl text:display-outline-level="0" text:name="Illustration"/><text:sequence-decl text:display-outline-level="0" text:name="Table"/><text:sequence-decl text:display-outline-level="0" text:name="Text"/><text:sequence-decl text:display-outline-level="0" text:name="Drawing"/><text:sequence-decl text:display-outline-level="0" text:name="Figure"/></text:sequence-decls><text:p text:style-name="Text_20_body">The simple answer to this question would be &quot;more than 30%,&quot; but let&apos;s look back a little further and put things in perspective.</text:p><text:p text:style-name="Text_20_body"/><text:p text:style-name="Text_20_body">WordPress appeared in 2004 as one of the many blogging tools available at the time. However, there were differences, and one very important one is that the nature and architecture of WordPress allowed anyone to contribute to its improvement, thanks to its commitment to free and open-source software and the GPL license.</text:p><text:p text:style-name="Text_20_body"/><text:p text:style-name="Text_20_body">This propelled WordPress to rapid growth, transforming it from a simple blogging tool into an ecosystem with thousands of plugins and specialized hosting services for WordPress.</text:p><text:p text:style-name="Text_20_body"/><text:p text:style-name="Text_20_body">Today, WordPress continues to serve bloggers, but it has also proven to be a fantastic application for delivering web solutions to companies such as Sony, The Rolling Stones, BBC, MTV, and thousands of digital newspapers.</text:p><text:p text:style-name="Text_20_body"/><text:p text:style-name="Text_20_body">If we look at the WordPress statistics from 2019, they are astonishing:</text:p><text:p text:style-name="Text_20_body"/><text:list xml:id="list1895134988" text:style-name="L2"><text:list-item><text:p text:style-name="P2">14.7% of the top 100 websites in the world are based on WordPress.</text:p></text:list-item><text:list-item><text:p text:style-name="P2">More than 500 sites are created daily using the free version, the WordPress.org version.</text:p></text:list-item><text:list-item><text:p text:style-name="P2">17 blog entries are created every second.</text:p></text:list-item></text:list><text:p text:style-name="Text_20_body"/><text:p text:style-name="Text_20_body">What&apos;s most surprising of all is that this success is not solely due to a visionary CEO, a multidisciplinary marketing team, or large advertising investments. In fact, the entire WordPress.org project relies on volunteers from all over the world. According to the official WordCamp website, currently, more than 75 million sites use WordPress.</text:p><text:p text:style-name="Text_20_body"/><text:p text:style-name="Text_20_body"/><text:p text:style-name="Text_20_body"/><text:p text:style-name="Text_20_body"/><text:p text:style-name="Text_20_body"/><text:p text:style-name="Text_20_body"/><text:p text:style-name="P3"><text:soft-page-break/>Currently on 2023, yes there are many job offers to work with Wordpress:</text:p><text:p text:style-name="P3"><draw:frame draw:style-name="fr1" draw:name="Imagen1" text:anchor-type="char" svg:width="17.59cm" svg:height="19.251cm" draw:z-index="0"><draw:image xlink:href="Pictures/10000000000002B0000002F1DE281BDED237FF9D.png" xlink:type="simple" xlink:show="embed" xlink:actuate="onLoad" draw:mime-type="image/png"/></draw:frame></text:p></office:text></office:body></office:document-content>